<?xml version="1.0" encoding="UTF-8"?>
<LightningComponentBundle xmlns="http://soap.sforce.com/2006/04/metadata">
    <apiVersion>53.0</apiVersion>
    <description>B2B Popular Categories</description>
    <isExposed>true</isExposed>
    <masterLabel>B2B Popular Categories</masterLabel>
    <targets>
        <target>lightningCommunity__Page</target>
        <target>lightningCommunity__Default</target>
    </targets>
    <targetConfigs>
        <targetConfig targets="lightningCommunity__Default">
            <property
                    label="Position for category name"
                    name="placeForCategoryName"
                    type="String"
                    datasource="top,middle,bottom"
                    default="bottom"
            />
            <property
                    default="100"
                    label="Category image opacity"
                    max="100"
                    min="20"
                    name="categoryImageOpacity"
                    type="Integer"
            />
            <property
                    default="#2E363A"
                    label="Category title color"
                    name="categoryTitleColor"
                    type="Color"
            />
            <property
                    default="#FFFFFF"
                    label="Category title background color"
                    name="categoryTitleBackgroundColor"
                    type="Color"
            />
            <property
                    label="Popular Category 1"
                    name="popularCategory1"
                    type="String"
                    datasource="apex://B2BPopularCategoriesPickList"
            />
            <property
                    label="Popular Category 2"
                    name="popularCategory2"
                    type="String"
                    datasource="apex://B2BPopularCategoriesPickList"
            />
            <property
                    label="Popular Category 3"
                    name="popularCategory3"
                    type="String"
                    datasource="apex://B2BPopularCategoriesPickList"
            />
            <property
                    label="Popular Category 4"
                    name="popularCategory4"
                    type="String"
                    datasource="apex://B2BPopularCategoriesPickList"
            />
            <property
                    label="Popular Category 5"
                    name="popularCategory5"
                    type="String"
                    datasource="apex://B2BPopularCategoriesPickList"
            />
            <property
                    label="Popular Category 6"
                    name="popularCategory6"
                    type="String"
                    datasource="apex://B2BPopularCategoriesPickList"
            />
            <property
                    type="ContentReference"
                    name="bannerImageContentKey"
                    label="Banner Image"
                    filter="cms_image"
            />
            <property
                    default=""
                    label="Banner Onclick URL"
                    name="bannerOnclickURL"
                    type="String"
            />
            <property
                    name="effectiveAccountId"
                    default="{!CurrentUser.effectiveAccountId}"
                    type="String"
                    label="Effective Account Id"
            />
        </targetConfig>
    </targetConfigs>
</LightningComponentBundle>

