<?xml version="1.0" encoding="UTF-8"?>
<LightningComponentBundle xmlns="http://soap.sforce.com/2006/04/metadata">
    <apiVersion>52.0</apiVersion>
    <description>B2BHomePageBanner</description>
    <isExposed>true</isExposed>
    <masterLabel>B2BHomePageBanner</masterLabel>
    <targets>
        <target>lightningCommunity__Page</target>
        <target>lightningCommunity__Default</target>
    </targets>
    <targetConfigs>
        <targetConfig targets="lightningCommunity__Default">
            <!-- Main Options -->
            <property
                    default="5"
                    label="Banner Image Change Interval"
                    max="20"
                    min="1"
                    name="imageChangeInterval"
                    type="Integer"
            />
            <property
                    default="5"
                    label="Displaying Banner Images"
                    max="5"
                    min="1"
                    name="bannerImageAmount"
                    type="Integer"
            />
            <property
                    label="Move content on Banner to the left or right or to centre"
                    name="bannerContentPlace"
                    type="String"
                    datasource="left,center,right"
                    default="center"
            />
            <property
                    default=""
                    label="Banner Heading Text"
                    name="bannerHeadingText"
                    type="String"
            />
            <property
                    default=""
                    label="Banner SubHeading Text"
                    name="bannerSubHeadingText"
                    type="String"
            />
            <property
                    default=""
                    label="Banner Button Text"
                    name="bannerButtonText"
                    type="String"
            />
            <property
                    default=""
                    label="Banner Button Link"
                    name="bannerButtonLink"
                    type="String"
            />
            <property
                    default="false"
                    label="Display banner Button or not"
                    name="isBannerButtonDisplayed"
                    type="Boolean"
            />
            <!-- Banner 1 -->
            <property
                    filter="cms_image"
                    label="Desktop Banner Image 1"
                    name="desktopBannerImageId1"
                    type="ContentReference"
            />
            <property
                    filter="cms_image"
                    label="Mobile Banner Image 1"
                    name="mobileBannerImageId1"
                    type="ContentReference"
            />
            <property
                    default="#FFFFFF"
                    label="Banner 1 Heading Text Color"
                    name="bannerTextColor1"
                    type="Color"
            />
            <property
                    default="#FFFFFF"
                    label="Banner 1 SubHeading Text Color"
                    name="bannerSubTextColor1"
                    type="Color"
            />
            <property
                    default="#6EEDDB"
                    label="Banner 1 Button Background Color"
                    name="bannerButtonColor1"
                    type="Color"
            />
            <property
                    default="#2E363A"
                    label="Banner 1 Button Text Color"
                    name="bannerButtonTextColor1"
                    type="Color"
            />
            <!-- Banner 2 -->
            <property
                    type="ContentReference"
                    name="desktopBannerImageId2"
                    label="Desktop Banner Image 2"
                    filter="cms_image"
            />
            <property
                    type="ContentReference"
                    name="mobileBannerImageId2"
                    label="Mobile Banner Image 2"
                    filter="cms_image"
            />
            <property
                    default="#FFFFFF"
                    label="Banner 2 Heading Text Color"
                    name="bannerTextColor2"
                    type="Color"
            />
            <property
                    default="#FFFFFF"
                    label="Banner 2 SubHeading Text Color"
                    name="bannerSubTextColor2"
                    type="Color"
            />
            <property
                    default="#6EEDDB"
                    label="Banner 2 Button Background Color"
                    name="bannerButtonColor2"
                    type="Color"
            />
            <property
                    default="#2E363A"
                    label="Banner 2 Button Text Color"
                    name="bannerButtonTextColor2"
                    type="Color"
            />
            <!-- Banner 3 -->
            <property
                    type="ContentReference"
                    name="desktopBannerImageId3"
                    label="Desktop Banner Image 3"
                    filter="cms_image"
            />
            <property
                    type="ContentReference"
                    name="mobileBannerImageId3"
                    label="Mobile Banner Image 3"
                    filter="cms_image"
            />
            <property
                    default="#FFFFFF"
                    label="Banner 3 Heading Text Color"
                    name="bannerTextColor3"
                    type="Color"
            />
            <property
                    default="#FFFFFF"
                    label="Banner 3 SubHeading Text Color"
                    name="bannerSubTextColor3"
                    type="Color"
            />
            <property
                    default="#6EEDDB"
                    label="Banner 3 Button Background Color"
                    name="bannerButtonColor3"
                    type="Color"
            />
            <property
                    default="#2E363A"
                    label="Banner 3 Button Text Color"
                    name="bannerButtonTextColor3"
                    type="Color"
            />
            <!-- Banner 4 -->
            <property
                    type="ContentReference"
                    name="desktopBannerImageId4"
                    label="Desktop Banner Image 4"
                    filter="cms_image"
            />
            <property
                    type="ContentReference"
                    name="mobileBannerImageId4"
                    label="Mobile Banner Image 4"
                    filter="cms_image"
            />
            <property
                    default="#FFFFFF"
                    label="Banner 4 Heading Text Color"
                    name="bannerTextColor4"
                    type="Color"
            />
            <property
                    default="#FFFFFF"
                    label="Banner 4 SubHeading Text Color"
                    name="bannerSubTextColor4"
                    type="Color"
            />
            <property
                    default="#6EEDDB"
                    label="Banner 4 Button Background Color"
                    name="bannerButtonColor4"
                    type="Color"
            />
            <property
                    default="#2E363A"
                    label="Banner 4 Button Text Color"
                    name="bannerButtonTextColor4"
                    type="Color"
            />
            <!-- Banner 5 -->
            <property
                    type="ContentReference"
                    name="desktopBannerImageId5"
                    label="Desktop Banner Image 5"
                    filter="cms_image"
            />
            <property
                    type="ContentReference"
                    name="mobileBannerImageId5"
                    label="Mobile Banner Image 5"
                    filter="cms_image"
            />
            <property
                    default="#FFFFFF"
                    label="Banner 5 Heading Text Color"
                    name="bannerTextColor5"
                    type="Color"
            />
            <property
                    default="#FFFFFF"
                    label="Banner 5 SubHeading Text Color"
                    name="bannerSubTextColor5"
                    type="Color"
            />
            <property
                    default="#6EEDDB"
                    label="Banner 5 Button Background Color"
                    name="bannerButtonColor5"
                    type="Color"
            />
            <property
                    default="#2E363A"
                    label="Banner 5 Button Text Color"
                    name="bannerButtonTextColor5"
                    type="Color"
            />
        </targetConfig>
    </targetConfigs>
</LightningComponentBundle>